gesture	verb	metaphor	surface	agitation	formality
0	lob	metaphorical	lobbed	-1.5745321626618403	TRUE
1	lob	metaphorical	lob	-0.009241248658138801	TRUE
1	lob	metaphorical	lob	4.052165765976855	TRUE
1	lob	literal	lobbed	0.9574807507943328	TRUE
0	lob	literal	lobbing	-8.950446638237556	FALSE
1	lob	literal	lobbing	-0.2663992458894775	TRUE
1	lob	literal	lobbed	-3.5622668901380914	TRUE
0	lob	metaphorical	lobbed	-2.450365700905294	TRUE
1	lob	metaphorical	lob	2.113842062438364	TRUE
0	lob	metaphorical	lobbed	-3.8427114385662597	FALSE
0	lob	metaphorical	lobbed	-4.852492907040004	TRUE
0	lob	metaphorical	lobbed	-0.2518017460260009	TRUE
0	lob	metaphorical	lobbed	-2.751066623295853	FALSE
1	lob	literal	lobbing	4.439096418065891	TRUE
0	lob	metaphorical	lobbed	0.2091236465518289	TRUE
0	lob	metaphorical	lobbed	-0.805968553901224	TRUE
0	lob	metaphorical	lob	-6.20094991749167	FALSE
0	lob	metaphorical	lob	-5.497777642465449	TRUE
1	lob	metaphorical	lobbing	-2.5779185576680197	TRUE
0	lob	metaphorical	lob	-3.774100596503513	TRUE
1	lob	metaphorical	lob	-0.4567034283923732	TRUE
1	lob	metaphorical	lobbing	-0.5782664948303387	TRUE
1	lob	metaphorical	lobs	2.855391413961824	TRUE
1	lob	metaphorical	lob	-1.3340877496970398	TRUE
1	lob	metaphorical	lob	-4.297183200362291	TRUE
0	lob	metaphorical	lobbing	-6.521630477816163	TRUE
1	lob	metaphorical	lobbing	3.3259833680935635	TRUE
0	lob	metaphorical	lob	-2.993300072847219	FALSE
0	lob	metaphorical	lobbed	-3.970902813192748	TRUE
0	lob	metaphorical	lobbed	1.1802562630732778	TRUE
0	lob	metaphorical	lobbed	-2.7376415168676984	FALSE
1	lob	metaphorical	lobbed	-0.8507227271801145	FALSE
0	lob	metaphorical	lobbed	3.1248881306536234	TRUE
1	lob	metaphorical	lobs	-1.1443468526659517	TRUE
1	lob	metaphorical	lobbing	5.469410187660892	TRUE
0	lob	metaphorical	lobbed	-8.406579856640356	TRUE
1	lob	metaphorical	lobbing	-2.423999339836218	TRUE
1	lob	metaphorical	lob	-0.9907815626233916	TRUE
0	lob	metaphorical	lobbing	-7.110360055490711	TRUE
0	lob	metaphorical	lobbed	0.6320791484360999	TRUE
0	lob	metaphorical	lob	1.724625603229864	TRUE
1	lob	literal	lobbing	4.327141404467952	TRUE
0	lob	metaphorical	lobbed	-2.2386030992816788	TRUE
1	lob	metaphorical	lobbing	7.925610176610736	TRUE
1	lob	literal	lob	1.9237783809855964	TRUE
0	lob	metaphorical	lob	-8.515408298857157	TRUE
1	lob	literal	lob	2.860399084966762	TRUE
0	lob	metaphorical	lobbing	-3.3998471838906235	TRUE
1	lob	literal	lobbed	-0.32529013932755113	TRUE
1	lob	metaphorical	lobbed	1.460099927230047	TRUE
0	lob	metaphorical	lobbing	-3.8176920904674176	FALSE
0	lob	metaphorical	lobbed	-3.1095180198182852	TRUE
1	lob	metaphorical	lobbing	0.7310122340847296	TRUE
0	lob	metaphorical	lob	-2.0086529327073555	FALSE
0	lob	metaphorical	lob	-7.723867238211964	FALSE
0	lob	metaphorical	lobbed	-5.105254465617472	TRUE
0	lob	metaphorical	lobbed	1.6171248162241305	TRUE
1	lob	metaphorical	lob	-1.0208252945307361	FALSE
0	lob	metaphorical	lobbed	-3.5197736314574817	FALSE
0	lob	metaphorical	lobbing	-8.226542133981905	TRUE
0	lob	metaphorical	lobbing	-4.213124115223373	FALSE
0	lob	literal	lob	-8.284179412787303	TRUE
1	lob	metaphorical	lob	-0.8575966932419785	TRUE
0	lob	metaphorical	lobbing	-2.9728990674206983	FALSE
0	lob	metaphorical	lobbed	-1.7906493579868155	TRUE
1	lob	literal	Lob	-1.5057722231518413	TRUE
0	lob	metaphorical	lob	-1.5126511029507126	FALSE
1	lob	metaphorical	lobbing	-1.734811135109469	TRUE
0	lob	literal	lobbed	-4.067507297848419	FALSE
0	lob	metaphorical	lobbed	-1.8684414144561776	TRUE
0	lob	metaphorical	lobbed	-7.3844704368974465	TRUE
1	lob	metaphorical	lobbing	-0.2565029552175133	FALSE
0	lob	metaphorical	lobbed	1.055922358052869	TRUE
0	lob	metaphorical	lobbed	-1.8468435852229232	TRUE
0	lob	metaphorical	lobbing	-6.852782802219323	TRUE
1	lob	metaphorical	lobs	-1.2011465091126592	FALSE
0	lob	metaphorical	lobbed	-0.9466048552729092	FALSE
1	lob	metaphorical	lobbed	-0.7810260740174018	TRUE
0	lob	metaphorical	lobbed	-4.979437493909835	TRUE
1	lob	metaphorical	lobbed	-3.128774134883745	TRUE
1	lob	metaphorical	lobbed	2.657952520809851	TRUE
1	lob	metaphorical	lob	0.52969336077255	TRUE
0	lob	metaphorical	lobbed	-4.507186672385359	FALSE
1	lob	metaphorical	lobbed	0.7419659624535013	FALSE
1	lob	metaphorical	lobbed	-3.5677319165715495	TRUE
0	lob	metaphorical	lobbing	-4.681023800620281	TRUE
0	lob	metaphorical	lob	0.16358856997111637	TRUE
1	lob	metaphorical	lobbing	-0.014728528256092943	FALSE
0	lob	metaphorical	lobbed	-1.336885207798754	TRUE
0	lob	metaphorical	lobbed	-6.656329934486768	FALSE
0	lob	metaphorical	lobbed	-3.182377346399459	FALSE
0	lob	metaphorical	lob	-6.424286239722858	FALSE
0	lob	metaphorical	lobbed	0.43632741278636367	FALSE
0	lob	metaphorical	lobbing	-5.091149595986407	FALSE
1	lob	metaphorical	lobbing	2.720031993355141	TRUE
0	lob	metaphorical	lobbing	-2.255173189198784	FALSE
0	lob	metaphorical	lobbing	-1.261748801537721	TRUE
0	lob	metaphorical	lob	-0.8616706926993483	TRUE
0	lob	literal	lobbing	-3.5882736453506077	FALSE
0	lob	literal	lobbing	-7.288602844619335	FALSE
0	lob	literal	lobbing	-1.800731880245093	TRUE
1	lob	literal	lobbing	-6.198575885988927	TRUE
1	lob	metaphorical	lobbed	-2.6840670396783413	TRUE
1	lob	literal	lob	0.6600589178303391	TRUE
0	catapult	metaphorical	catapulted	-5.081137675408376	FALSE
0	catapult	metaphorical	catapulted	-0.26431894698940717	FALSE
0	catapult	metaphorical	catapult	-2.7822812342825576	FALSE
0	catapult	metaphorical	catapult	-2.2056946007502654	TRUE
1	catapult	metaphorical	catapulted	2.042305364755121	TRUE
1	catapult	metaphorical	catapulted	-4.7112733949303145	TRUE
1	catapult	metaphorical	catapulted	-1.3288059605745044	TRUE
0	catapult	metaphorical	catapult	-0.634598979003357	FALSE
1	catapult	metaphorical	catapulted	-1.5206056110664932	TRUE
0	catapult	metaphorical	catapulted	-4.190522190068963	FALSE
0	catapult	metaphorical	catapulted	-6.239923699623142	TRUE
1	catapult	metaphorical	catapulted	-6.1343345487860255	TRUE
1	catapult	metaphorical	catapulted	1.003100548204087	TRUE
1	catapult	metaphorical	catapulted	-1.459489482900211	TRUE
0	catapult	metaphorical	catapulted	-4.405843013162464	TRUE
0	catapult	metaphorical	catapulted	-4.698235294760046	TRUE
0	catapult	metaphorical	catapult	-5.947617471499047	FALSE
1	catapult	metaphorical	catapult	-3.105017160320952	TRUE
1	catapult	metaphorical	Catapult	1.4117532157279413	TRUE
1	catapult	metaphorical	catapult	2.295058384097511	TRUE
1	catapult	metaphorical	catapulted	3.668528590618741	TRUE
1	catapult	metaphorical	catapult	-0.4390193926781638	TRUE
0	catapult	metaphorical	catapult	1.819206443011085	FALSE
1	catapult	metaphorical	catapult	6.5963152676275	TRUE
1	catapult	metaphorical	catapulted	-0.06911454085908542	FALSE
1	catapult	metaphorical	catapulted	-1.2642631743549488	TRUE
1	catapult	metaphorical	catapulted	4.328495664163958	TRUE
1	catapult	metaphorical	catapulted	4.1910008112334864	TRUE
0	catapult	metaphorical	catapulted	2.835353203473926	FALSE
0	catapult	metaphorical	catapulted	-5.247606899282662	FALSE
1	catapult	metaphorical	catapult	1.930038860906114	TRUE
0	catapult	metaphorical	catapulted	-5.210876427106665	FALSE
0	catapult	metaphorical	catapulted	-4.852032521975444	TRUE
1	catapult	metaphorical	catapult	3.3772290918977634	TRUE
0	catapult	metaphorical	catapulted	-4.653057929781966	FALSE
1	catapult	metaphorical	catapulted	0.9864931531960406	TRUE
0	catapult	metaphorical	catapulted	-3.1161890986961605	TRUE
1	catapult	metaphorical	catapults	0.36502975819858374	TRUE
1	catapult	literal	catapulting	0.45121643367506437	TRUE
1	catapult	metaphorical	catapult	3.0262643991191904	TRUE
1	catapult	metaphorical	catapult	-2.135136049893716	TRUE
1	catapult	metaphorical	catapulted	2.9558326331400364	TRUE
1	catapult	literal	catapulted	3.384564905998885	FALSE
1	catapult	metaphorical	catapult	2.9920048653868996	FALSE
1	catapult	metaphorical	catapulted	2.971147959847645	TRUE
1	catapult	metaphorical	catapulted	-0.7827199620027123	TRUE
1	catapult	metaphorical	catapulted	-5.011759150774887	FALSE
1	catapult	metaphorical	catapults	3.9013414127842725	TRUE
0	catapult	metaphorical	catapult	-2.0704263172038666	TRUE
1	catapult	metaphorical	catapulted	4.4451552438617945	TRUE
1	catapult	metaphorical	catapult	-1.8023498684011283	TRUE
0	catapult	metaphorical	catapulted	-2.6689910500588727	TRUE
1	catapult	metaphorical	catapulted	3.9941841721935294	TRUE
1	catapult	metaphorical	catapulted	-1.624085976327029	TRUE
1	catapult	metaphorical	catapulted	-1.201325399842026	TRUE
1	catapult	metaphorical	catapult	-0.24343289279088154	TRUE
1	catapult	metaphorical	catapulted	-1.5219626314401529	TRUE
1	catapult	metaphorical	catapult	3.901100474930234	TRUE
1	catapult	metaphorical	catapulted	1.2479271660721936	FALSE
1	catapult	metaphorical	catapult	-1.9941410468767957	TRUE
1	catapult	metaphorical	catapulted	0.10217618076324886	TRUE
0	catapult	metaphorical	catapulting	-0.7952105088355998	TRUE
0	catapult	metaphorical	catapulted	0.8298380072303431	TRUE
0	catapult	metaphorical	catapulted	-1.8247658933037598	FALSE
1	catapult	metaphorical	catapulted	-3.4127310387250116	TRUE
0	catapult	metaphorical	catapulted	-5.607663366273857	FALSE
0	catapult	metaphorical	catapulted	-5.80886337513649	TRUE
1	catapult	metaphorical	catapulting	1.444495078253095	TRUE
1	catapult	metaphorical	catapulted	-0.7666654321554809	TRUE
0	catapult	metaphorical	catapults	-3.569817948371944	TRUE
0	catapult	metaphorical	catapulted	-8.703993307332526	FALSE
0	catapult	metaphorical	catapult	-0.7315979206239103	TRUE
1	catapult	metaphorical	catapult	-3.7709598116321974	TRUE
1	catapult	metaphorical	catapulted	-4.628776755595979	TRUE
0	catapult	metaphorical	catapult	-4.023748165635874	FALSE
0	catapult	metaphorical	catapult	0.09211440962999307	FALSE
1	catapult	metaphorical	catapulted	-0.1504194862910797	TRUE
0	catapult	metaphorical	catapult	-3.62505814946116	FALSE
1	catapult	metaphorical	catapult	-0.9398431339498403	TRUE
1	catapult	metaphorical	catapult	0.25885460752729017	TRUE
0	catapult	metaphorical	catapulted	-5.011761457224601	FALSE
1	catapult	metaphorical	catapult	4.06472929859724	TRUE
1	catapult	metaphorical	catapult	5.546599883038951	FALSE
0	catapult	literal	catapulting	-2.0789589675235405	FALSE
0	catapult	metaphorical	catapulted	-3.349053687157528	TRUE
1	catapult	metaphorical	catapult	-3.7931599636850635	TRUE
0	catapult	metaphorical	catapulted	-2.8532930562209007	TRUE
0	catapult	metaphorical	catapulted	-3.0540193560470486	TRUE
1	catapult	metaphorical	catapults	0.9383848781749689	FALSE
1	catapult	metaphorical	catapult	2.9037027689466646	TRUE
1	catapult	metaphorical	catapult	1.6303817481007434	FALSE
1	catapult	metaphorical	catapults	-0.5837335088365991	TRUE
0	catapult	metaphorical	catapult	-5.560969685976546	TRUE
1	catapult	metaphorical	catapult	2.638377029496024	TRUE
1	catapult	metaphorical	catapulted	-3.3814268793058977	TRUE
0	catapult	metaphorical	catapulting	-7.284228924387596	TRUE
1	catapult	metaphorical	catapult	0.7969278151782286	TRUE
1	catapult	metaphorical	catapult	-5.449938406951176	TRUE
1	catapult	metaphorical	catapults	3.8168182497914493	TRUE
1	catapult	metaphorical	catapult	-6.050545885293799	TRUE
0	catapult	metaphorical	catapult	-3.3386799609393316	TRUE
1	catapult	metaphorical	catapulted	-0.2737573442566088	TRUE
0	catapult	metaphorical	catapult	-1.5331679418466784	TRUE
1	catapult	metaphorical	Catapult	3.5073988827764455	TRUE
1	catapult	metaphorical	catapulting	-3.0864267992137417	TRUE
0	catapult	metaphorical	catapult	-3.220162003470664	FALSE
0	catapult	metaphorical	catapult	-4.788937989575194	FALSE
0	catapult	metaphorical	catapulted	-6.7659872215031385	FALSE
1	catapult	metaphorical	catapult	-0.41673825392211405	TRUE
1	catapult	metaphorical	catapulted	-2.423526612025955	TRUE
1	catapult	metaphorical	catapulted	0.18931762843196598	TRUE
0	catapult	metaphorical	catapults	-13.021398500350038	TRUE
1	chuck	literal	chucking	3.6012655962579703	TRUE
1	chuck	literal	chucked	3.9363592410593338	TRUE
0	chuck	literal	chucked	-4.811423103730814	TRUE
1	chuck	literal	chucked	-0.4607066097153725	TRUE
1	chuck	literal	chucked	3.720090097836242	TRUE
1	chuck	literal	Chucked	0.4645182573503561	FALSE
1	chuck	literal	chucked	-5.828066137833053	TRUE
1	chuck	metaphorical	chucking	-1.6646911090009207	TRUE
1	chuck	literal	chucked	3.3541381063726186	TRUE
1	chuck	metaphorical	chucked	-0.735134356594112	TRUE
0	chuck	literal	chucking	-3.338868784111643	TRUE
1	chuck	literal	chucking	3.118657207364092	TRUE
0	chuck	literal	chucking	-0.9313538542844269	FALSE
0	chuck	metaphorical	chucking	-1.0373989276894233	FALSE
1	chuck	metaphorical	chucking	1.0616492157527824	TRUE
0	chuck	literal	chucked	-5.4842569861575665	FALSE
0	chuck	literal	chucked	4.849804286223714	FALSE
0	fling	literal	flung	-6.360744182057096	TRUE
1	fling	literal	flung	4.794588521409472	TRUE
1	fling	metaphorical	flung	3.374091691017303	TRUE
0	fling	metaphorical	flung	-5.05628207419411	TRUE
0	fling	literal	fling	-0.8739015053898691	TRUE
0	fling	metaphorical	fling	-6.510143025713612	FALSE
1	fling	literal	flung	-1.824137944608979	TRUE
0	fling	literal	fling	-3.11736113987661	TRUE
1	fling	literal	flinging	-8.649401425534583	TRUE
0	fling	metaphorical	fling	-3.7229136151342943	TRUE
1	fling	metaphorical	fling	0.14705626253177861	TRUE
1	fling	literal	fling	-3.359648795116705	TRUE
1	fling	literal	flung	-1.1084454083067188	TRUE
1	fling	metaphorical	flung	2.166554420496217	TRUE
1	fling	literal	flinging	-0.3133368816033073	TRUE
1	fling	metaphorical	fling	2.623666996596323	TRUE
1	fling	metaphorical	flinging	2.396479292503401	FALSE
1	fling	metaphorical	flinging	-0.7102012910561797	TRUE
1	fling	literal	flinging	1.6071815754324597	TRUE
1	fling	literal	flung	1.8240165947583264	TRUE
0	fling	metaphorical	flung	-8.268061847133989	FALSE
1	fling	literal	fling	-0.004622490704658588	TRUE
0	fling	literal	flung	-2.0652758243249876	FALSE
1	fling	literal	flung	-0.4608929052755393	TRUE
0	fling	metaphorical	flung	-4.546540624796903	FALSE
0	fling	metaphorical	flinging	-3.5855327063725806	FALSE
0	fling	metaphorical	flinging	0.325378763414359	TRUE
1	fling	metaphorical	fling	-0.7633388873952516	TRUE
0	fling	metaphorical	flinging	-5.801182250255399	FALSE
1	fling	metaphorical	flung	8.11692310785831	TRUE
1	fling	literal	flung	3.6396882025435695	TRUE
1	fling	literal	flung	3.2084076798128103	TRUE
1	fling	metaphorical	flinging	-0.5047154046896809	TRUE
1	fling	metaphorical	flinging	2.097650286456486	FALSE
1	fling	metaphorical	fling	3.2269469314561183	FALSE
1	fling	metaphorical	flinging	1.153857601428848	TRUE
1	fling	literal	flung	-4.474002379053466	TRUE
1	fling	literal	flung	-1.3127746392842523	TRUE
0	fling	literal	fling	2.8421047650378553	FALSE
0	fling	literal	fling	-3.1016673087211104	TRUE
1	fling	literal	flinging	-2.486113925823446	TRUE
1	fling	metaphorical	flung	1.3521598364821785	TRUE
1	fling	literal	flinging	6.553082961911816	TRUE
0	sling	literal	slinging	-4.050960101559529	FALSE
0	sling	literal	slinging	-3.571412833737667	TRUE
1	sling	metaphorical	slinging	-2.0472922026991416	FALSE
1	sling	metaphorical	Slung	1.4654583199046813	TRUE
0	sling	metaphorical	slinging	-5.049130934708534	TRUE
1	sling	metaphorical	slinging	0.688670685011973	TRUE
0	sling	metaphorical	slinging	-5.186511893444875	TRUE
0	sling	metaphorical	sling	-5.41105730032235	FALSE
0	sling	metaphorical	slung	-2.3022391109231384	FALSE
1	sling	literal	slung	4.366939120740878	TRUE
0	sling	metaphorical	slinging	-2.461551105445383	FALSE
1	sling	literal	slinging	2.8695984780685744	FALSE
1	sling	metaphorical	slinging	3.0306172884823708	TRUE
1	sling	metaphorical	slinging	1.7154087836120553	TRUE
0	sling	metaphorical	slinging	-7.389703637135293	TRUE
1	sling	literal	sling	0.13732726257035255	TRUE
0	sling	literal	slung	-0.16899452101388412	TRUE
0	sling	literal	slung	-3.684084590866742	TRUE
0	sling	metaphorical	slinging	-3.0854489788669044	TRUE
0	sling	metaphorical	slinging	0.06094573174868412	TRUE
0	sling	metaphorical	slinging	-1.1036049834097552	FALSE
1	sling	metaphorical	slinging	0.16114841617874553	TRUE
1	sling	metaphorical	slinging	1.6493484693085687	TRUE
1	sling	metaphorical	slinging	-0.703697433595142	TRUE
1	sling	metaphorical	slinging	-3.615258061820173	TRUE
1	sling	metaphorical	slinging	-0.3383264485496502	TRUE
1	sling	literal	slinging	5.230351280601921	TRUE
0	sling	metaphorical	slinging	-4.026513567799297	TRUE
1	sling	literal	slung	-0.06853714759456508	FALSE
1	sling	metaphorical	slinging	-3.6414357449296952	TRUE
1	sling	metaphorical	slinging	1.412665624408599	FALSE
1	sling	literal	slung	1.452181329759048	TRUE
1	sling	literal	slung	-1.260727210241698	TRUE
0	sling	literal	slung	-5.389948524900617	FALSE
0	sling	literal	slung	1.7884624438117909	FALSE
0	sling	metaphorical	slinging	-6.592925065204051	TRUE
1	sling	literal	slung	0.39489591268628343	FALSE
0	sling	metaphorical	slinging	-3.2746607935974668	TRUE
1	sling	metaphorical	slinging	0.9550096389557146	TRUE
0	sling	metaphorical	slinging	-4.815885474347698	FALSE
0	sling	metaphorical	slinging	-2.328429203586779	FALSE
0	sling	metaphorical	slinging	-5.3745430737826245	FALSE
0	sling	metaphorical	slinging	-3.0341367902546708	TRUE
1	sling	literal	slung	-0.8946345829721665	TRUE
0	sling	metaphorical	slung	-6.549873882860185	FALSE
1	sling	metaphorical	sling	-2.3875949563243486	TRUE
0	sling	metaphorical	slinging	1.8671900950177154	FALSE
0	sling	metaphorical	slinging	-1.6344214738838885	FALSE
0	sling	metaphorical	slinging	-1.4512579224991655	FALSE
0	sling	metaphorical	slinging	-1.6446418515294985	FALSE
1	sling	metaphorical	sling	0.9338099732756517	TRUE
0	sling	metaphorical	slinging	-3.820167786600795	FALSE
1	sling	metaphorical	sling	-5.699521164853483	FALSE
1	sling	metaphorical	slung	2.009059496965781	TRUE
0	sling	metaphorical	slinging	2.1269527897106713	FALSE
0	sling	metaphorical	slinging	-3.3891886351372813	TRUE
0	sling	metaphorical	slinging	-4.82502935110365	TRUE
1	sling	metaphorical	sling	-2.1096923699931365	FALSE
0	sling	metaphorical	slinging	-5.9370344121228795	TRUE
0	sling	metaphorical	sling	2.3180358486337944	FALSE
1	sling	metaphorical	slinging	2.735791689876791	TRUE
0	sling	literal	slung	-4.392831452195486	FALSE
0	sling	metaphorical	slinging	-5.767242589284691	FALSE
0	sling	metaphorical	slinging	-4.555310303460747	TRUE
0	sling	metaphorical	slinging	-5.915201520635572	TRUE
0	sling	metaphorical	slinging	-3.4145711214935526	FALSE
1	sling	metaphorical	slinging	0.07685757424847584	FALSE
1	sling	metaphorical	slinging	7.7280549741797575	TRUE
0	sling	metaphorical	slinging	-2.763046712989972	FALSE
0	sling	metaphorical	slinging	-3.267230465563396	TRUE
0	sling	metaphorical	slinging	-4.11082155929158	TRUE
0	sling	metaphorical	slinging	-3.85789590820488	FALSE
1	sling	metaphorical	slinging	-1.8014183672149038	TRUE
0	sling	metaphorical	slinging	-4.051315749554895	FALSE
0	sling	metaphorical	slung	-5.494165121968389	FALSE
0	sling	literal	slung	-9.033325018678894	TRUE
0	hurl	metaphorical	hurled	0.766599424997334	FALSE
1	hurl	literal	hurled	3.943838837398513	TRUE
0	hurl	metaphorical	hurling	-7.245437870396638	TRUE
1	hurl	literal	hurl	3.1795669557719166	TRUE
1	hurl	metaphorical	hurled	0.40058487258586517	TRUE
1	hurl	metaphorical	hurl	-2.2676324850599023	TRUE
1	hurl	literal	hurl	-2.2228864737633938	TRUE
0	hurl	metaphorical	hurled	-3.615895804962255	FALSE
0	hurl	metaphorical	hurling	3.523200201608242	TRUE
0	hurl	literal	hurling	0.957693202157051	FALSE
0	hurl	metaphorical	hurling	-6.0196685589950185	TRUE
0	hurl	literal	hurled	-3.889507551958206	TRUE
1	hurl	literal	hurl	3.0084758585170723	TRUE
0	hurl	metaphorical	hurling	-3.8253756864020154	FALSE
0	hurl	metaphorical	hurled	-2.480373584581126	TRUE
1	hurl	metaphorical	hurled	2.047438168826158	TRUE
1	hurl	metaphorical	hurled	-0.35727086034173894	TRUE
1	hurl	metaphorical	hurl	-0.9255036113211546	TRUE
0	hurl	metaphorical	hurl	-2.4959451679084252	TRUE
0	hurl	metaphorical	hurl	-2.780602806982709	TRUE
0	hurl	metaphorical	hurl	-3.359021916372806	FALSE
1	hurl	metaphorical	hurled	7.292297202522379	TRUE
1	hurl	metaphorical	hurled	0.3873243510571829	FALSE
0	hurl	metaphorical	hurl	0.8054433103335175	FALSE
1	hurl	metaphorical	hurled	-3.397241775861546	TRUE
1	hurl	literal	hurling	0.5368001855896001	TRUE
0	hurl	metaphorical	hurled	-4.220348492997605	TRUE
1	hurl	metaphorical	hurled	1.5045207786187258	TRUE
0	hurl	metaphorical	hurl	-6.274593128798889	FALSE
0	hurl	metaphorical	hurling	-1.9779482737482663	TRUE
0	hurl	literal	hurling	-1.2540366575101105	FALSE
0	hurl	literal	hurled	-0.5927134840426849	TRUE
0	hurl	literal	hurled	4.192486363282718	FALSE
0	hurl	metaphorical	hurl	-3.7668738891931985	TRUE
1	hurl	metaphorical	hurling	2.177957861736859	TRUE
1	hurl	metaphorical	hurled	4.872336378847772	TRUE
1	hurl	metaphorical	hurled	-1.4584896326261259	TRUE
1	hurl	metaphorical	hurled	-1.3659953728493033	TRUE
0	hurl	metaphorical	hurls	-2.415006964952458	TRUE
1	hurl	metaphorical	hurl	5.064582704951743	TRUE
0	hurl	metaphorical	hurled	-8.470808650758592	TRUE
0	hurl	metaphorical	hurls	-0.1666906555693486	TRUE
0	hurl	metaphorical	hurling	1.2879989751293373	FALSE
1	hurl	metaphorical	hurled	3.4399654482824413	TRUE
0	hurl	metaphorical	hurled	-4.205121714297546	TRUE
0	hurl	metaphorical	hurled	-1.9612796447205272	FALSE
0	hurl	metaphorical	hurled	0.03809483426473559	FALSE
0	hurl	metaphorical	hurl	-3.2074440103714075	FALSE
0	hurl	metaphorical	hurl	-7.065804885414266	FALSE
1	hurl	literal	hurled	5.73834715798737	TRUE
0	hurl	literal	hurled	-3.6087066903127853	TRUE
0	hurl	literal	hurling	0.806217218861355	FALSE
0	hurl	literal	hurling	-2.6308043606087774	TRUE
1	hurl	metaphorical	hurled	2.074539481149819	TRUE
0	hurl	literal	hurling	-6.550436415995926	FALSE
1	hurl	metaphorical	hurling	-0.42862234489462736	TRUE
0	hurl	metaphorical	hurling	0.07661000320264577	FALSE
1	hurl	metaphorical	hurls	3.957004006261437	TRUE
0	hurl	metaphorical	hurling	-2.2302470292800054	TRUE
1	hurl	metaphorical	hurling	0.10460724668164634	TRUE
0	hurl	literal	hurling	-3.463238443131474	FALSE
1	hurl	metaphorical	hurling	0.8673834197088599	TRUE
0	hurl	literal	hurl	-5.743488882535656	TRUE
1	hurl	metaphorical	hurling	5.174673268030973	TRUE
0	hurl	metaphorical	hurling	2.352048705231957	TRUE
1	hurl	metaphorical	hurl	-0.2919715329977812	TRUE
1	hurl	metaphorical	hurling	1.1291312968011957	TRUE
0	hurl	metaphorical	hurling	1.3978740202089952	TRUE
0	hurl	metaphorical	hurl	-4.719774916734503	FALSE
0	hurl	metaphorical	hurled	2.224565307268408	TRUE
0	hurl	metaphorical	hurled	-5.134777815686629	TRUE
0	hurl	literal	hurl	-7.273536618885881	TRUE
0	hurl	metaphorical	hurling	-9.013262513048273	FALSE
1	hurl	metaphorical	hurl	1.5547731506226148	TRUE
1	hurl	literal	hurl	-1.7097284115785012	TRUE
1	hurl	metaphorical	hurled	1.0558216117509351	TRUE
1	hurl	metaphorical	hurled	1.7707955341629171	TRUE
0	hurl	metaphorical	hurling	-0.4762558057827224	FALSE
0	hurl	metaphorical	hurled	-1.7519470497156195	TRUE
1	hurl	metaphorical	hurl	1.8408046791422743	TRUE
1	hurl	metaphorical	hurling	1.189516548977362	TRUE
0	hurl	metaphorical	hurled	-3.052147891912909	FALSE
1	hurl	metaphorical	hurling	3.7382390289366834	TRUE
1	hurl	metaphorical	hurls	2.106275362462377	TRUE
1	hurl	metaphorical	hurl	9.321015687550208	TRUE
1	hurl	metaphorical	hurl	0.9742986220508953	FALSE
1	hurl	metaphorical	hurled	-3.3447595712971863	TRUE
1	hurl	metaphorical	hurling	-1.9962637106620527	TRUE
1	hurl	metaphorical	hurling	3.750384715650349	TRUE
1	hurl	metaphorical	hurled	-1.4372046824106146	TRUE
0	hurl	metaphorical	hurl	0.17184741425081995	TRUE
0	hurl	metaphorical	hurling	-0.8957319086388549	FALSE
1	hurl	metaphorical	hurling	3.5593010917574834	TRUE
0	hurl	metaphorical	hurl	-6.815039640824725	FALSE
0	hurl	metaphorical	hurled	-5.134702710503825	FALSE
1	hurl	metaphorical	hurling	-2.5836043780371334	TRUE
1	hurl	metaphorical	hurling	2.7488018688683797	TRUE
0	hurl	metaphorical	hurl	-5.505107301849296	FALSE
0	hurl	metaphorical	hurling	-1.9574215191162716	TRUE
1	hurl	metaphorical	hurling	-0.021783933841938108	TRUE
0	hurl	literal	Hurl	-2.3844766194789164	FALSE
1	hurl	literal	hurled	3.5206555520273253	TRUE
1	hurl	metaphorical	hurling	3.0131267297643705	TRUE
1	hurl	metaphorical	hurling	2.131392265272561	TRUE
1	hurl	metaphorical	hurling	2.9213723633860527	TRUE
0	hurl	metaphorical	hurl	-6.401475070606924	TRUE
0	hurl	metaphorical	hurl	-4.841688520254383	FALSE
1	hurl	metaphorical	hurl	-3.0389078824572806	TRUE
0	hurl	metaphorical	hurling	-5.614986143311885	TRUE
1	toss	metaphorical	tossing	1.9149975010980986	TRUE
1	toss	metaphorical	tossing	-0.44034971300876613	TRUE
0	toss	metaphorical	toss	-0.0658996808683634	TRUE
1	toss	metaphorical	toss	-0.9866457341452843	FALSE
0	toss	metaphorical	toss	-2.8774300098823375	FALSE
1	toss	metaphorical	tossed	5.094841564467632	TRUE
1	toss	metaphorical	tossed	-1.8891143216433015	TRUE
1	toss	metaphorical	tossed	2.1320315535464403	TRUE
0	toss	metaphorical	tossed	-0.9602523999772545	FALSE
1	toss	metaphorical	toss	1.578491891755216	TRUE
0	toss	metaphorical	tossed	-4.842296676631569	FALSE
0	toss	literal	tossing	-3.0128658391390113	FALSE
0	toss	metaphorical	tossing	-6.035919551254615	TRUE
1	toss	literal	toss	5.898195652746336	TRUE
0	toss	literal	tossed	-6.189273163889366	TRUE
1	toss	literal	toss	1.0419575181725764	FALSE
0	toss	metaphorical	tossed	-10.838622820567592	TRUE
0	toss	metaphorical	Toss	-6.992329573703417	TRUE
1	toss	literal	tossing	-1.1477478865565125	TRUE
0	toss	literal	tossing	-2.2756699602876527	TRUE
1	toss	metaphorical	tossed	2.745803006032971	TRUE
0	toss	metaphorical	toss	-4.364081403994218	TRUE
0	toss	metaphorical	toss	-7.058031368403574	TRUE
0	toss	metaphorical	tossing	-1.5441638278933512	TRUE
0	toss	metaphorical	toss	2.930442060781578	TRUE
1	toss	metaphorical	toss	2.1959099747911006	TRUE
1	toss	literal	tosses	-1.6868899554265493	TRUE
0	toss	metaphorical	tosses	-1.9697126658817479	FALSE
0	toss	metaphorical	tossed	-2.454334209862261	TRUE
1	toss	literal	Toss	2.4193419625614068	TRUE
1	toss	literal	tossed	3.1062307341590207	TRUE
0	toss	metaphorical	tossed	-0.8594378842269084	TRUE
0	toss	metaphorical	tossing	-4.487555142644439	TRUE
1	toss	metaphorical	toss	-2.769679486721124	FALSE
0	toss	metaphorical	toss	0.12159329623969439	FALSE
0	toss	metaphorical	tossed	-0.6862943740886118	TRUE
0	toss	metaphorical	tossed	-6.8156292092305755	TRUE
1	toss	metaphorical	toss	0.28430975999934827	TRUE
0	toss	metaphorical	tossed	-1.6503493434542094	FALSE
0	toss	literal	tossing	-4.0714514172941385	TRUE
0	toss	metaphorical	tossed	-5.034855739329735	TRUE
1	toss	literal	toss	-1.988017241028718	TRUE
1	toss	metaphorical	tossed	0.2762083259180863	TRUE
0	toss	metaphorical	toss	-4.42129449930998	FALSE
1	toss	literal	Tossing	1.3834158216758112	FALSE
1	toss	literal	toss	0.7228967947251719	TRUE
1	toss	metaphorical	tossed	3.705675474175495	TRUE
0	toss	metaphorical	toss	-3.479868255847774	TRUE
0	toss	metaphorical	toss	-5.5779200432203515	FALSE
0	toss	metaphorical	toss	-3.5149652873162847	TRUE
1	toss	literal	tossing	3.751207310561124	TRUE
0	toss	literal	tossing	-1.5872546381117045	FALSE
0	toss	literal	tossing	-2.783009043694429	FALSE
1	toss	literal	toss	-5.796624642217427	TRUE
1	toss	metaphorical	toss	0.012139339331456611	FALSE
0	toss	metaphorical	toss	-5.813282107518258	TRUE
0	toss	literal	toss	-6.756575574734988	FALSE
0	toss	metaphorical	toss	-3.201648299869979	FALSE
1	toss	literal	tossed	-4.086089239779977	TRUE
1	toss	metaphorical	toss	1.4974320827056524	TRUE
1	toss	metaphorical	toss	-0.02599652616434156	TRUE
1	toss	metaphorical	tossed	-1.3822464812774644	TRUE
0	toss	literal	tossed	-0.7441459714989862	FALSE
0	toss	literal	tossed	-8.402675711351018	TRUE
0	toss	literal	tossing	-1.6073251257387924	FALSE
0	toss	metaphorical	tossed	-2.4513940609945744	FALSE
1	toss	metaphorical	toss	-1.7198496385627386	FALSE
0	toss	metaphorical	toss	-6.813389493807	FALSE
1	toss	literal	Tossed	5.639047105033679	TRUE
0	toss	metaphorical	toss	6.251129002278066	FALSE
0	toss	metaphorical	toss	0.9531246811196317	FALSE
0	toss	metaphorical	toss	-2.9445278886196324	FALSE
0	toss	metaphorical	toss	-5.57364449337916	FALSE
1	pitch	literal	pitched	0.10235754447131962	TRUE
1	pitch	metaphorical	pitched	3.199520482229233	TRUE
1	pitch	metaphorical	pitched	5.605504591775624	TRUE
1	pitch	metaphorical	pitch	-0.6621991452072873	FALSE
0	pitch	literal	pitching	-6.202874495297435	FALSE
1	pitch	literal	pitch	3.6808570528751994	FALSE
1	pitch	literal	pitching	5.1751520365933255	TRUE
0	pitch	metaphorical	pitching	-0.49460907714156166	FALSE
1	pitch	metaphorical	pitch	4.076886072438771	TRUE
1	pitch	metaphorical	pitching	-3.9102077831927593	TRUE
1	pitch	metaphorical	pitch	-0.2796748779743137	TRUE
1	pitch	metaphorical	pitching	3.8699395707145174	TRUE
1	pitch	metaphorical	pitched	4.826939919207728	TRUE
0	pitch	literal	pitched	-1.814885633633164	FALSE
0	pitch	literal	pitched	-4.197815434150131	FALSE
0	pitch	literal	pitch	-0.41385080764004645	TRUE
0	pitch	metaphorical	pitched	-6.2140115132360725	FALSE
0	pitch	metaphorical	pitching	-1.5342252815288946	FALSE
1	pitch	metaphorical	pitching	3.4993093717658605	TRUE
0	pitch	metaphorical	pitched	-8.104378327041182	FALSE
1	pitch	metaphorical	pitched	-3.325662892521165	TRUE
0	pitch	literal	pitch	-5.410725797145246	TRUE
0	pitch	metaphorical	pitched	-4.552360282866418	TRUE
1	pitch	literal	pitched	-0.15826456166046476	TRUE
1	pitch	metaphorical	pitching	0.9946359597889183	FALSE
0	pitch	metaphorical	pitch	-2.7450198056575483	FALSE
0	pitch	literal	pitched	-5.466632579510349	TRUE
1	pitch	metaphorical	pitched	-3.6462432117397308	TRUE
1	pitch	metaphorical	pitched	-2.584980260249589	TRUE
0	pitch	literal	pitch	-3.571413990946563	FALSE
0	pitch	literal	pitching	-5.515736521103326	TRUE
0	pitch	literal	pitching	-3.161794536537636	TRUE
1	pitch	metaphorical	pitch	0.8586042939633676	TRUE
1	pitch	metaphorical	pitch	0.10147320352969835	TRUE
1	pitch	metaphorical	pitched	0.9717341923167844	FALSE
1	pitch	metaphorical	pitched	2.476799876586257	TRUE
0	pitch	metaphorical	pitching	-3.9961634961660195	FALSE
1	pitch	metaphorical	pitch	-0.024890076551615792	TRUE
1	pitch	metaphorical	pitched	-0.9677254920089622	TRUE
1	pitch	metaphorical	pitching	-4.781412651854973	FALSE
0	pitch	literal	pitch	2.7759417937539714	FALSE
0	pitch	metaphorical	pitch	3.668163298694207	FALSE
0	pitch	metaphorical	pitching	7.690327357814272	TRUE
1	pitch	metaphorical	pitched	-0.7418341799198034	TRUE
1	pitch	metaphorical	pitching	4.307047317956972	TRUE
1	pitch	metaphorical	pitch	4.580340172808019	FALSE
0	pitch	literal	pitching	-2.926785548349825	FALSE
0	pitch	metaphorical	pitched	-1.2789660549092534	FALSE
0	pitch	literal	pitched	-6.136671213968928	FALSE
0	pitch	metaphorical	Pitching	-4.102339872975019	FALSE
0	pitch	metaphorical	pitched	-4.5312038301890984	TRUE
1	pitch	metaphorical	pitched	0.18874514614958482	TRUE
1	pitch	metaphorical	pitched	-1.2692562155662337	TRUE
1	pitch	metaphorical	pitched	-1.8759273641589242	TRUE
1	pitch	metaphorical	pitching	1.7676051573549438	FALSE
1	pitch	metaphorical	pitched	1.0391870522130957	TRUE
1	pitch	metaphorical	pitching	-2.2672928927942655	TRUE
1	pitch	metaphorical	pitch	-3.8171637413791215	FALSE
1	pitch	metaphorical	pitch	1.3922493981018267	TRUE
1	pitch	literal	pitched	3.293490279492733	TRUE
0	pitch	literal	pitched	-5.136003409102355	FALSE
1	pitch	literal	pitch	1.7094944667229397	TRUE
1	pitch	metaphorical	pitching	-2.5964205851931794	TRUE
1	pitch	metaphorical	pitching	-0.8596761432156832	FALSE
1	pitch	metaphorical	pitched	-0.7575506840386188	TRUE
0	pitch	metaphorical	pitch	-4.255846706315074	FALSE
0	pitch	metaphorical	pitched	1.3516950133236367	TRUE
0	pitch	metaphorical	pitched	-3.636494359258178	FALSE
1	pitch	metaphorical	pitch	0.13533262351003295	TRUE
1	pitch	literal	pitching	-5.268508472804587	TRUE
1	pitch	literal	pitching	1.599297043547005	TRUE
0	pitch	metaphorical	pitching	-8.111561273537344	FALSE
0	pitch	metaphorical	pitched	1.0529452155892471	TRUE
0	pitch	metaphorical	pitch	-0.2846908380562585	TRUE
1	pitch	metaphorical	pitch	6.684216281000586	TRUE
1	pitch	metaphorical	pitching	0.7085991526048074	FALSE
1	pitch	metaphorical	pitches	-1.474649600827866	TRUE
1	pitch	metaphorical	pitch	2.965466892133098	FALSE
1	pitch	metaphorical	pitched	3.5433165492712084	TRUE
1	pitch	metaphorical	pitched	-1.0605944612015303	TRUE
1	pitch	metaphorical	pitching	-0.18747082577700613	TRUE
1	pitch	metaphorical	pitching	-0.33528082472205156	TRUE
0	pitch	metaphorical	pitched	-1.951019276897073	FALSE
0	pitch	metaphorical	pitch	-0.7543360199729077	FALSE
1	pitch	metaphorical	pitched	1.7629441809013664	TRUE
0	pitch	metaphorical	pitching	-3.956398174094995	FALSE
1	pitch	metaphorical	pitch	-1.7284990888041438	TRUE
1	pitch	metaphorical	pitch	0.4679007080901476	FALSE
1	pitch	metaphorical	pitching	2.70671593877831	TRUE
0	pitch	metaphorical	pitch	-4.7306230999716705	FALSE
1	pitch	metaphorical	pitching	2.5468558673760793	TRUE
1	pitch	metaphorical	pitch	-0.9692467437011691	TRUE
1	pitch	metaphorical	pitch	1.746810873558493	TRUE
1	pitch	metaphorical	pitching	-2.390353897243905	TRUE
0	pitch	metaphorical	pitched	-4.537275344077676	FALSE
